{"cameraMode":{"drawMode":0,"name":"Shaded","section":"Shading Mode"},"sceneLighting":false,"audioPlay":false,"sceneViewState":{"showFog":false,"showMaterialUpdate":false,"showSkybox":false,"showFlares":false,"showImageEffects":false,"showParticleSystems":false},"in2DMode":false,"pivot":{"x":0.0,"y":0.5879767537117004,"z":0.12029832601547241},"rotation":{"x":0.14492225646972657,"y":-0.029678581282496454,"z":0.004347207490354776,"w":0.9889926314353943},"size":1.5874826908111573,"orthographic":true}