{"cameraMode":{"drawMode":0,"name":"Shaded","section":"Shading Mode"},"sceneLighting":true,"audioPlay":false,"sceneViewState":{"showFog":false,"showMaterialUpdate":false,"showSkybox":true,"showFlares":false,"showImageEffects":false,"showParticleSystems":false},"in2DMode":false,"pivot":{"x":20.57102394104004,"y":0.5881026387214661,"z":-72.57579803466797},"rotation":{"x":0.09276562929153443,"y":-0.04628215730190277,"z":0.004316677805036306,"w":0.9946023225784302},"size":6.497137546539307,"orthographic":false}